timestamp,message
1771079023156,[2m2026-02-14T14:23:43.156604Z[0m [32m INFO[0m [2myukpomnang_backend::services::specialized_services_optimizer[0m[2m:[0m [Optimizer] Index trouvé: unique_pharmacy_service sur pharmacies (unique: true)
1771079023156,[2m2026-02-14T14:23:43.156608Z[0m [32m INFO[0m [2myukpomnang_backend::services::specialized_services_optimizer[0m[2m:[0m [Optimizer] Index trouvé: idx_pharmacies_user_id sur pharmacies (unique: false)
1771079023156,[2m2026-02-14T14:23:43.156611Z[0m [32m INFO[0m [2myukpomnang_backend::services::specialized_services_optimizer[0m[2m:[0m [Optimizer] Index trouvé: idx_pharmacies_service_id sur pharmacies (unique: false)
1771079023156,[2m2026-02-14T14:23:43.156614Z[0m [32m INFO[0m [2myukpomnang_backend::services::specialized_services_optimizer[0m[2m:[0m [Optimizer] Index trouvé: idx_pharmacies_is_active sur pharmacies (unique: false)
1771079023156,[2m2026-02-14T14:23:43.156617Z[0m [32m INFO[0m [2myukpomnang_backend::services::specialized_services_optimizer[0m[2m:[0m [Optimizer] Index trouvé: idx_pharmacies_is_on_duty sur pharmacies (unique: false)
1771079023156,[2m2026-02-14T14:23:43.156620Z[0m [32m INFO[0m [2myukpomnang_backend::services::specialized_services_optimizer[0m[2m:[0m [Optimizer] Index trouvé: idx_pharmacies_ville sur pharmacies (unique: false)
1771079023156,[2m2026-02-14T14:23:43.156622Z[0m [32m INFO[0m [2myukpomnang_backend::services::specialized_services_optimizer[0m[2m:[0m [Optimizer] Index trouvé: idx_pharmacies_quartier sur pharmacies (unique: false)
1771079023156,[2m2026-02-14T14:23:43.156708Z[0m [32m INFO[0m [2myukpomnang_backend::services::specialized_services_optimizer[0m[2m:[0m [Optimizer] Index trouvé: idx_pharmacies_services_gin sur pharmacies (unique: false)
1771079023156,[2m2026-02-14T14:23:43.156728Z[0m [32m INFO[0m [2myukpomnang_backend::services::specialized_services_optimizer[0m[2m:[0m [Optimizer] Index trouvé: idx_pharmacies_active_on_duty_nom sur pharmacies (unique: false)
1771079023156,[2m2026-02-14T14:23:43.156750Z[0m [32m INFO[0m [2myukpomnang_backend::services::specialized_services_optimizer[0m[2m:[0m [Optimizer] Index trouvé: idx_pharmacies_service_id_active sur pharmacies (unique: false)
1771079023156,[2m2026-02-14T14:23:43.156759Z[0m [32m INFO[0m [2myukpomnang_backend::services::specialized_services_optimizer[0m[2m:[0m [Optimizer] Index trouvé: idx_pharmacies_on_duty_service_active sur pharmacies (unique: false)
1771079023156,[2m2026-02-14T14:23:43.156762Z[0m [32m INFO[0m [2myukpomnang_backend::services::specialized_services_optimizer[0m[2m:[0m [Optimizer] Index trouvé: hopitaux_cliniques_pkey sur hopitaux_cliniques (unique: true)
1771079023156,[2m2026-02-14T14:23:43.156765Z[0m [32m INFO[0m [2myukpomnang_backend::services::specialized_services_optimizer[0m[2m:[0m [Optimizer] Index trouvé: unique_hospital_service sur hopitaux_cliniques (unique: true)
1771079023156,[2m2026-02-14T14:23:43.156768Z[0m [32m INFO[0m [2myukpomnang_backend::services::specialized_services_optimizer[0m[2m:[0m [Optimizer] Index trouvé: idx_hopitaux_user_id sur hopitaux_cliniques (unique: false)
1771079023156,[2m2026-02-14T14:23:43.156771Z[0m [32m INFO[0m [2myukpomnang_backend::services::specialized_services_optimizer[0m[2m:[0m [Optimizer] Index trouvé: idx_hopitaux_service_id sur hopitaux_cliniques (unique: false)
1771079023156,[2m2026-02-14T14:23:43.156782Z[0m [32m INFO[0m [2myukpomnang_backend::services::specialized_services_optimizer[0m[2m:[0m [Optimizer] Index trouvé: idx_hopitaux_type sur hopitaux_cliniques (unique: false)
1771079023156,[2m2026-02-14T14:23:43.156785Z[0m [32m INFO[0m [2myukpomnang_backend::services::specialized_services_optimizer[0m[2m:[0m [Optimizer] Index trouvé: idx_hopitaux_is_active sur hopitaux_cliniques (unique: false)
1771079023156,[2m2026-02-14T14:23:43.156794Z[0m [32m INFO[0m [2myukpomnang_backend::services::specialized_services_optimizer[0m[2m:[0m [Optimizer] Index trouvé: idx_hopitaux_is_available sur hopitaux_cliniques (unique: false)
1771079023156,[2m2026-02-14T14:23:43.156818Z[0m [32m INFO[0m [2myukpomnang_backend::services::specialized_services_optimizer[0m[2m:[0m [Optimizer] Index trouvé: idx_hopitaux_prestations_gin sur hopitaux_cliniques (unique: false)
1771079023156,[2m2026-02-14T14:23:43.156832Z[0m [32m INFO[0m [2myukpomnang_backend::services::specialized_services_optimizer[0m[2m:[0m [Optimizer] Index trouvé: idx_hopitaux_planning_gin sur hopitaux_cliniques (unique: false)
1771079023156,[2m2026-02-14T14:23:43.156848Z[0m [32m INFO[0m [2myukpomnang_backend::services::specialized_services_optimizer[0m[2m:[0m [Optimizer] Index trouvé: idx_hopitaux_cliniques_ville_available sur hopitaux_cliniques (unique: false)
1771079023156,[2m2026-02-14T14:23:43.156862Z[0m [32m INFO[0m [2myukpomnang_backend::services::specialized_services_optimizer[0m[2m:[0m [Optimizer] Index trouvé: idx_hospitals_gps_active sur hopitaux_cliniques (unique: false)
1771079023156,[2m2026-02-14T14:23:43.156878Z[0m [32m INFO[0m [2myukpomnang_backend::services::specialized_services_optimizer[0m[2m:[0m [Optimizer] Index trouvé: idx_hospitals_prestations_gin sur hopitaux_cliniques (unique: false)
1771079023156,[2m2026-02-14T14:23:43.156892Z[0m [32m INFO[0m [2myukpomnang_backend::services::specialized_services_optimizer[0m[2m:[0m [Optimizer] Index trouvé: idx_hospitals_urgences sur hopitaux_cliniques (unique: false)
1771079023156,[2m2026-02-14T14:23:43.156908Z[0m [32m INFO[0m [2myukpomnang_backend::services::specialized_services_optimizer[0m[2m:[0m [Optimizer] Index trouvé: idx_hospitals_ville_quartier sur hopitaux_cliniques (unique: false)
1771079023156,[2m2026-02-14T14:23:43.156923Z[0m [32m INFO[0m [2myukpomnang_backend::services::specialized_services_optimizer[0m[2m:[0m [Optimizer] Index trouvé: idx_hospitals_type_etablissement sur hopitaux_cliniques (unique: false)
1771079023156,[2m2026-02-14T14:23:43.156931Z[0m [32m INFO[0m [2myukpomnang_backend::services::specialized_services_optimizer[0m[2m:[0m [Optimizer] Index trouvé: idx_hospitals_available_composite sur hopitaux_cliniques (unique: false)
1771079023156,[2m2026-02-14T14:23:43.156942Z[0m [32m INFO[0m [2myukpomnang_backend::services::specialized_services_optimizer[0m[2m:[0m [Optimizer] Index trouvé: laboratoires_imagerie_pkey sur laboratoires_imagerie (unique: true)
1771079023156,[2m2026-02-14T14:23:43.156957Z[0m [32m INFO[0m [2myukpomnang_backend::services::specialized_services_optimizer[0m[2m:[0m [Optimizer] Index trouvé: unique_laboratory_service sur laboratoires_imagerie (unique: true)
1771079023156,[2m2026-02-14T14:23:43.156968Z[0m [32m INFO[0m [2myukpomnang_backend::services::specialized_services_optimizer[0m[2m:[0m [Optimizer] Index trouvé: idx_laboratoires_user_id sur laboratoires_imagerie (unique: false)
1771079023157,[2m2026-02-14T14:23:43.156984Z[0m [32m INFO[0m [2myukpomnang_backend::services::specialized_services_optimizer[0m[2m:[0m [Optimizer] Index trouvé: idx_laboratoires_service_id sur laboratoires_imagerie (unique: false)
1771079023157,[2m2026-02-14T14:23:43.156997Z[0m [32m INFO[0m [2myukpomnang_backend::services::specialized_services_optimizer[0m[2m:[0m [Optimizer] Index trouvé: idx_laboratoires_type sur laboratoires_imagerie (unique: false)
1771079023157,[2m2026-02-14T14:23:43.157014Z[0m [32m INFO[0m [2myukpomnang_backend::services::specialized_services_optimizer[0m[2m:[0m [Optimizer] Index trouvé: idx_laboratoires_analyses_gin sur laboratoires_imagerie (unique: false)
1771079023157,[2m2026-02-14T14:23:43.157028Z[0m [32m INFO[0m [2myukpomnang_backend::services::specialized_services_optimizer[0m[2m:[0m [Optimizer] Index trouvé: idx_laboratoires_imagerie_gin sur laboratoires_imagerie (unique: false)
1771079023157,[2m2026-02-14T14:23:43.157036Z[0m [32m INFO[0m [2myukpomnang_backend::services::specialized_services_optimizer[0m[2m:[0m [Optimizer] Index trouvé: idx_laboratoires_is_available sur laboratoires_imagerie (unique: false)
1771079023157,[2m2026-02-14T14:23:43.157039Z[0m [32m INFO[0m [2myukpomnang_backend::services::specialized_services_optimizer[0m[2m:[0m [Optimizer] Index trouvé: idx_labs_type_laboratoire sur laboratoires_imagerie (unique: false)
1771079023157,[2m2026-02-14T14:23:43.157042Z[0m [32m INFO[0m [2myukpomnang_backend::services::specialized_services_optimizer[0m[2m:[0m [Optimizer] Index trouvé: idx_labs_gps_active sur laboratoires_imagerie (unique: false)
1771079023157,[2m2026-02-14T14:23:43.157044Z[0m [32m INFO[0m [2myukpomnang_backend::services::specialized_services_optimizer[0m[2m:[0m [Optimizer] Index trouvé: idx_labs_analyses_gin sur laboratoires_imagerie (unique: false)
1771079023157,[2m2026-02-14T14:23:43.157047Z[0m [32m INFO[0m [2myukpomnang_backend::services::specialized_services_optimizer[0m[2m:[0m [Optimizer] Index trouvé: idx_labs_imagerie_gin sur laboratoires_imagerie (unique: false)
1771079023157,[2m2026-02-14T14:23:43.157050Z[0m [32m INFO[0m [2myukpomnang_backend::services::specialized_services_optimizer[0m[2m:[0m [Optimizer] Index trouvé: idx_labs_ville_quartier sur laboratoires_imagerie (unique: false)
1771079023157,[2m2026-02-14T14:23:43.157053Z[0m [32m INFO[0m [2myukpomnang_backend::services::specialized_services_optimizer[0m[2m:[0m [Optimizer] Index trouvé: idx_labs_available_composite sur laboratoires_imagerie (unique: false)
1771079023157,[2m2026-02-14T14:23:43.157055Z[0m [32m INFO[0m [2myukpomnang_backend::services::specialized_services_optimizer[0m[2m:[0m [Optimizer] Index trouvé: taxis_ville_pkey sur taxis_ville (unique: true)
1771079023157,[2m2026-02-14T14:23:43.157058Z[0m [32m INFO[0m [2myukpomnang_backend::services::specialized_services_optimizer[0m[2m:[0m [Optimizer] Index trouvé: unique_taxi_service sur taxis_ville (unique: true)
1771079023157,[2m2026-02-14T14:23:43.157061Z[0m [32m INFO[0m [2myukpomnang_backend::services::specialized_services_optimizer[0m[2m:[0m [Optimizer] Index trouvé: idx_taxis_user_id sur taxis_ville (unique: false)
1771079023157,[2m2026-02-14T14:23:43.157063Z[0m [32m INFO[0m [2myukpomnang_backend::services::specialized_services_optimizer[0m[2m:[0m [Optimizer] Index trouvé: idx_taxis_service_id sur taxis_ville (unique: false)
1771079023157,[2m2026-02-14T14:23:43.157066Z[0m [32m INFO[0m [2myukpomnang_backend::services::specialized_services_optimizer[0m[2m:[0m [Optimizer] Index trouvé: idx_taxis_is_available sur taxis_ville (unique: false)
1771079023157,[2m2026-02-14T14:23:43.157070Z[0m [32m INFO[0m [2myukpomnang_backend::services::specialized_services_optimizer[0m[2m:[0m [Optimizer] Index trouvé: idx_taxis_is_on_duty sur taxis_ville (unique: false)
1771079023157,[2m2026-02-14T14:23:43.157072Z[0m [32m INFO[0m [2myukpomnang_backend::services::specialized_services_optimizer[0m[2m:[0m [Optimizer] Index trouvé: idx_taxis_zone_gin sur taxis_ville (unique: false)
1771079023157,[2m2026-02-14T14:23:43.157090Z[0m [32m INFO[0m [2myukpomnang_backend::services::specialized_services_optimizer[0m[2m:[0m [Optimizer] Index trouvé: idx_taxis_available_composite sur taxis_ville (unique: false)
1771079023157,[2m2026-02-14T14:23:43.157101Z[0m [32m INFO[0m [2myukpomnang_backend::services::specialized_services_optimizer[0m[2m:[0m [Optimizer] Index trouvé: idx_taxis_gps_active sur taxis_ville (unique: false)
1771079023157,[2m2026-02-14T14:23:43.157114Z[0m [32m INFO[0m [2myukpomnang_backend::services::specialized_services_optimizer[0m[2m:[0m [Optimizer] Index trouvé: idx_taxis_type_vehicule sur taxis_ville (unique: false)
1771079023157,[2m2026-02-14T14:23:43.157130Z[0m [32m INFO[0m [2myukpomnang_backend::services::specialized_services_optimizer[0m[2m:[0m [Optimizer] Index trouvé: idx_agences_service_id sur agences_voyage (unique: false)
1771079023157,[2m2026-02-14T14:23:43.157137Z[0m [32m INFO[0m [2myukpomnang_backend::services::specialized_services_optimizer[0m[2m:[0m [Optimizer] Index trouvé: idx_agences_tickets_bus sur agences_voyage (unique: false)
1771079023157,[2m2026-02-14T14:23:43.157139Z[0m [32m INFO[0m [2myukpomnang_backend::services::specialized_services_optimizer[0m[2m:[0m [Optimizer] Index trouvé: idx_agences_services_gin sur agences_voyage (unique: false)
1771079023157,[2m2026-02-14T14:23:43.157143Z[0m [32m INFO[0m [2myukpomnang_backend::services::specialized_services_optimizer[0m[2m:[0m [Optimizer] Index trouvé: idx_agences_compagnies_gin sur agences_voyage (unique: false)
1771079023157,[2m2026-02-14T14:23:43.157145Z[0m [32m INFO[0m [2myukpomnang_backend::services::specialized_services_optimizer[0m[2m:[0m [Optimizer] Index trouvé: idx_agences_destinations_gin sur agences_voyage (unique: false)
1771079023157,[2m2026-02-14T14:23:43.157148Z[0m [32m INFO[0m [2myukpomnang_backend::services::specialized_services_optimizer[0m[2m:[0m [Optimizer] Index trouvé: agences_voyage_pkey sur agences_voyage (unique: true)
1771079023157,[2m2026-02-14T14:23:43.157151Z[0m [32m INFO[0m [2myukpomnang_backend::services::specialized_services_optimizer[0m[2m:[0m [Optimizer] Index trouvé: unique_agency_service sur agences_voyage (unique: true)
1771079023157,[2m2026-02-14T14:23:43.157154Z[0m [32m INFO[0m [2myukpomnang_backend::services::specialized_services_optimizer[0m[2m:[0m [Optimizer] Index trouvé: idx_agences_user_id sur agences_voyage (unique: false)
1771079023157,[2m2026-02-14T14:23:43.157157Z[0m [32m INFO[0m [2myukpomnang_backend::services::specialized_services_optimizer[0m[2m:[0m [Optimizer] Index trouvé: idx_agences_bus_products_gin sur agences_voyage (unique: false)
1771079023157,[2m2026-02-14T14:23:43.157160Z[0m [32m INFO[0m [2myukpomnang_backend::services::specialized_services_optimizer[0m[2m:[0m [Optimizer] Index trouvé: covoiturages_pkey sur covoiturages (unique: true)
1771079023157,[2m2026-02-14T14:23:43.157173Z[0m [32m INFO[0m [2myukpomnang_backend::services::specialized_services_optimizer[0m[2m:[0m [Optimizer] Index trouvé: unique_covoiturage_service sur covoiturages (unique: true)
1771079023157,[2m2026-02-14T14:23:43.157181Z[0m [32m INFO[0m [2myukpomnang_backend::services::specialized_services_optimizer[0m[2m:[0m [Optimizer] Index trouvé: idx_covoiturages_user_id sur covoiturages (unique: false)
1771079023157,[2m2026-02-14T14:23:43.157188Z[0m [32m INFO[0m [2myukpomnang_backend::services::specialized_services_optimizer[0m[2m:[0m [Optimizer] Index trouvé: idx_covoiturages_service_id sur covoiturages (unique: false)
1771079023157,[2m2026-02-14T14:23:43.157196Z[0m [32m INFO[0m [2myukpomnang_backend::services::specialized_services_optimizer[0m[2m:[0m [Optimizer] Index trouvé: idx_covoiturages_date_depart sur covoiturages (unique: false)
1771079023157,[2m2026-02-14T14:23:43.157209Z[0m [32m INFO[0m [2myukpomnang_backend::services::specialized_services_optimizer[0m[2m:[0m [Optimizer] Index trouvé: idx_covoiturages_statut sur covoiturages (unique: false)
1771079023157,[2m2026-02-14T14:23:43.157223Z[0m [32m INFO[0m [2myukpomnang_backend::services::specialized_services_optimizer[0m[2m:[0m [Optimizer] Index trouvé: idx_covoiturages_depart_destination sur covoiturages (unique: false)
1771079023157,[2m2026-02-14T14:23:43.157241Z[0m [32m INFO[0m [2myukpomnang_backend::services::specialized_services_optimizer[0m[2m:[0m [Optimizer] Index trouvé: idx_covoiturages_places_disponibles sur covoiturages (unique: false)
1771079023157,[2m2026-02-14T14:23:43.157256Z[0m [32m INFO[0m [2myukpomnang_backend::services::specialized_services_optimizer[0m[2m:[0m [Optimizer] Index trouvé: idx_covoit_depart_dest_date sur covoiturages (unique: false)
1771079023157,[2m2026-02-14T14:23:43.157269Z[0m [32m INFO[0m [2myukpomnang_backend::services::specialized_services_optimizer[0m[2m:[0m [Optimizer] Index trouvé: idx_covoit_date_future sur covoiturages (unique: false)
1771079023157,[2m2026-02-14T14:23:43.157278Z[0m [32m INFO[0m [2myukpomnang_backend::services::specialized_services_optimizer[0m[2m:[0m [Optimizer] Index trouvé: idx_covoit_places_available sur covoiturages (unique: false)
1771079023157,[2m2026-02-14T14:23:43.157286Z[0m [32m INFO[0m [2myukpomnang_backend::services::specialized_services_optimizer[0m[2m:[0m [Optimizer] Index trouvé: idx_covoit_prix_date sur covoiturages (unique: false)
1771079023157,[2m2026-02-14T14:23:43.157295Z[0m [32m INFO[0m [2myukpomnang_backend::services::specialized_services_optimizer[0m[2m:[0m [Optimizer] Index trouvé: idx_covoit_user_date sur covoiturages (unique: false)
1771079023157,[2m2026-02-14T14:23:43.157302Z[0m [32m INFO[0m [2myukpomnang_backend::services::specialized_services_optimizer[0m[2m:[0m [Optimizer] Index trouvé: idx_covoiturages_is_recurring sur covoiturages (unique: false)
1771079023157,[2m2026-02-14T14:23:43.157310Z[0m [32m INFO[0m [2myukpomnang_backend::services::specialized_services_optimizer[0m[2m:[0m [Optimizer] Index trouvé: idx_covoiturages_parent_trip_id sur covoiturages (unique: false)
1771079023157,[2m2026-02-14T14:23:43.157321Z[0m [32m INFO[0m [2myukpomnang_backend::services::specialized_services_optimizer[0m[2m:[0m [Optimizer] Index trouvé: idx_covoiturages_recurrence_end_date sur covoiturages (unique: false)
1771079023157,[2m2026-02-14T14:23:43.157334Z[0m [32m INFO[0m [2myukpomnang_backend::services::specialized_services_optimizer[0m[2m:[0m [Optimizer] Index trouvé: services_pkey sur services (unique: true)
1771079023157,[2m2026-02-14T14:23:43.157348Z[0m [32m INFO[0m [2myukpomnang_backend::services::specialized_services_optimizer[0m[2m:[0m [Optimizer] Index trouvé: idx_services_user_id_created_at_desc sur services (unique: false)
1771079023157,[2m2026-02-14T14:23:43.157356Z[0m [32m INFO[0m [2myukpomnang_backend::services::specialized_services_optimizer[0m[2m:[0m [Optimizer] Index trouvé: idx_services_gps_fixe_jsonb sur services (unique: false)
1771079023157,[2m2026-02-14T14:23:43.157359Z[0m [32m INFO[0m [2myukpomnang_backend::services::specialized_services_optimizer[0m[2m:[0m [Optimizer] Index trouvé: idx_services_id_for_updates sur services (unique: false)
1771079023157,[2m2026-02-14T14:23:43.157362Z[0m [32m INFO[0m [2myukpomnang_backend::services::specialized_services_optimizer[0m[2m:[0m [Optimizer] Index trouvé: idx_services_produits_valeur_gin sur services (unique: false)
1771079023157,[2m2026-02-14T14:23:43.157365Z[0m [32m INFO[0m [2myukpomnang_backend::services::specialized_services_optimizer[0m[2m:[0m [Optimizer] Index trouvé: idx_services_data_produits_partial sur services (unique: false)
1771079023157,[2m2026-02-14T14:23:43.157368Z[0m [32m INFO[0m [2myukpomnang_backend::services::specialized_services_optimizer[0m[2m:[0m [Optimizer] Index trouvé: idx_services_user_id_is_active_created_at sur services (unique: false)
1771079023157,[2m2026-02-14T14:23:43.157372Z[0m [32m INFO[0m [2myukpomnang_backend::services::specialized_services_optimizer[0m[2m:[0m [Optimizer] Index trouvé: idx_services_fulltext_titre_service sur services (unique: false)
1771079023157,[2m2026-02-14T14:23:43.157388Z[0m [32m INFO[0m [2myukpomnang_backend::services::specialized_services_optimizer[0m[2m:[0m [Optimizer] Index trouvé: idx_services_created_at_desc sur services (unique: false)
1771079023157,[2m2026-02-14T14:23:43.157398Z[0m [32m INFO[0m [2myukpomnang_backend::services::specialized_services_optimizer[0m[2m:[0m [Optimizer] Index trouvé: idx_services_user_id_created_at sur services (unique: false)
1771079023157,[2m2026-02-14T14:23:43.157406Z[0m [32m INFO[0m [2myukpomnang_backend::services::specialized_services_optimizer[0m[2m:[0m [Optimizer] Index trouvé: idx_services_is_active_created_at sur services (unique: false)
1771079023157,[2m2026-02-14T14:23:43.157414Z[0m [32m INFO[0m [2myukpomnang_backend::services::specialized_services_optimizer[0m[2m:[0m [Optimizer] Index trouvé: idx_services_user_active_created sur services (unique: false)
1771079023157,[2m2026-02-14T14:23:43.157424Z[0m [32m INFO[0m [2myukpomnang_backend::services::specialized_services_optimizer[0m[2m:[0m [Optimizer] Index trouvé: idx_services_category_active sur services (unique: false)
1771079023157,[2m2026-02-14T14:23:43.157434Z[0m [32m INFO[0m [2myukpomnang_backend::services::specialized_services_optimizer[0m[2m:[0m [Optimizer] Index trouvé: idx_services_tarissable_reactivation sur services (unique: false)
1771079023157,[2m2026-02-14T14:23:43.157447Z[0m [32m INFO[0m [2myukpomnang_backend::services::specialized_services_optimizer[0m[2m:[0m [Optimizer] Index trouvé: idx_services_active_id sur services (unique: false)
1771079023157,[2m2026-02-14T14:23:43.157457Z[0m [32m INFO[0m [2myukpomnang_backend::services::specialized_services_optimizer[0m[2m:[0m [Optimizer] Index trouvé: idx_services_user_id sur services (unique: false)
1771079023157,[2m2026-02-14T14:23:43.157459Z[0m [32m INFO[0m [2myukpomnang_backend::services::specialized_services_optimizer[0m[2m:[0m [Optimizer] Index trouvé: idx_services_data_search_gin sur services (unique: false)
1771079023157,[2m2026-02-14T14:23:43.157462Z[0m [32m INFO[0m [2myukpomnang_backend::services::specialized_services_optimizer[0m[2m:[0m [Optimizer] Index trouvé: idx_services_data_produits_gin sur services (unique: false)
1771079023157,[2m2026-02-14T14:23:43.157465Z[0m [32m INFO[0m [2myukpomnang_backend::services::specialized_services_optimizer[0m[2m:[0m [Optimizer] Index trouvé: idx_services_updated_at sur services (unique: false)
1771079023157,[2m2026-02-14T14:23:43.157468Z[0m [32m INFO[0m [2myukpomnang_backend::services::specialized_services_optimizer[0m[2m:[0m [Optimizer] Index trouvé: idx_services_gps_active_category sur services (unique: false)
1771079023157,[2m2026-02-14T14:23:43.157471Z[0m [32m INFO[0m [2myukpomnang_backend::services::specialized_services_optimizer[0m[2m:[0m [Optimizer] Index trouvé: idx_services_titre_service_search sur services (unique: false)
1771079023157,[2m2026-02-14T14:23:43.157488Z[0m [32m INFO[0m [2myukpomnang_backend::services::specialized_services_optimizer[0m[2m:[0m [Optimizer] Index trouvé: idx_services_category_search sur services (unique: false)
1771079023157,[2m2026-02-14T14:23:43.157498Z[0m [32m INFO[0m [2myukpomnang_backend::services::specialized_services_optimizer[0m[2m:[0m [Optimizer] Index trouvé: idx_services_produits_gin sur services (unique: false)
1771079023157,[2m2026-02-14T14:23:43.157515Z[0m [32m INFO[0m [2myukpomnang_backend::services::specialized_services_optimizer[0m[2m:[0m [Optimizer] Index trouvé: idx_services_is_tarissable sur services (unique: false)
1771079023157,[2m2026-02-14T14:23:43.157530Z[0m [32m INFO[0m [2myukpomnang_backend::services::specialized_services_optimizer[0m[2m:[0m [Optimizer] Index trouvé: idx_services_banniere sur services (unique: false)
1771079023157,[2m2026-02-14T14:23:43.157543Z[0m [32m INFO[0m [2myukpomnang_backend::services::specialized_services_optimizer[0m[2m:[0m [Optimizer] Index trouvé: idx_services_pharmacy_scheduling sur services (unique: false)
1771079023157,[2m2026-02-14T14:23:43.157550Z[0m [32m INFO[0m [2myukpomnang_backend::services::specialized_services_optimizer[0m[2m:[0m [Optimizer] Index trouvé: idx_services_embedding_status sur services (unique: false)
1771079023157,[2m2026-02-14T14:23:43.157553Z[0m [32m INFO[0m [2myukpomnang_backend::services::specialized_services_optimizer[0m[2m:[0m [Optimizer] Index trouvé: idx_services_interaction_count sur services (unique: false)
1771079023157,[2m2026-02-14T14:23:43.157556Z[0m [32m INFO[0m [2myukpomnang_backend::services::specialized_services_optimizer[0m[2m:[0m [Optimizer] Index trouvé: idx_services_rating_avg sur services (unique: false)
1771079023157,[2m2026-02-14T14:23:43.157559Z[0m [32m INFO[0m [2myukpomnang_backend::services::specialized_services_optimizer[0m[2m:[0m [Optimizer] Index trouvé: idx_services_rating_count sur services (unique: false)
1771079023157,[2m2026-02-14T14:23:43.157562Z[0m [32m INFO[0m [2myukpomnang_backend::services::specialized_services_optimizer[0m[2m:[0m [Optimizer] Index trouvé: idx_services_fulltext_titre sur services (unique: false)
1771079023157,[2m2026-02-14T14:23:43.157565Z[0m [32m INFO[0m [2myukpomnang_backend::services::specialized_services_optimizer[0m[2m:[0m [Optimizer] Index trouvé: idx_services_fulltext_description sur services (unique: false)
1771079023157,[2m2026-02-14T14:23:43.157568Z[0m [32m INFO[0m [2myukpomnang_backend::services::specialized_services_optimizer[0m[2m:[0m [Optimizer] Index trouvé: idx_services_fulltext_category sur services (unique: false)
1771079023157,[2m2026-02-14T14:23:43.157571Z[0m [32m INFO[0m [2myukpomnang_backend::services::specialized_services_optimizer[0m[2m:[0m [Optimizer] Index trouvé: idx_services_fulltext_combined sur services (unique: false)
1771079023157,[2m2026-02-14T14:23:43.157573Z[0m [32m INFO[0m [2myukpomnang_backend::services::specialized_services_optimizer[0m[2m:[0m [Optimizer] Index trouvé: idx_services_trigram_titre sur services (unique: false)
1771079023157,[2m2026-02-14T14:23:43.157576Z[0m [32m INFO[0m [2myukpomnang_backend::services::specialized_services_optimizer[0m[2m:[0m [Optimizer] Index trouvé: idx_services_trigram_description sur services (unique: false)
1771079023157,[2m2026-02-14T14:23:43.157579Z[0m [32m INFO[0m [2myukpomnang_backend::services::specialized_services_optimizer[0m[2m:[0m [Optimizer] Index trouvé: idx_services_trigram_category sur services (unique: false)
1771079023157,[2m2026-02-14T14:23:43.157582Z[0m [32m INFO[0m [2myukpomnang_backend::services::specialized_services_optimizer[0m[2m:[0m [Optimizer] Index trouvé: idx_services_trigram_combined sur services (unique: false)
1771079023157,[2m2026-02-14T14:23:43.157585Z[0m [32m INFO[0m [2myukpomnang_backend::services::specialized_services_optimizer[0m[2m:[0m [Optimizer] Index trouvé: idx_services_structured_titre sur services (unique: false)
1771079023157,[2m2026-02-14T14:23:43.157588Z[0m [32m INFO[0m [2myukpomnang_backend::services::specialized_services_optimizer[0m[2m:[0m [Optimizer] Index trouvé: idx_services_structured_description sur services (unique: false)
1771079023157,[2m2026-02-14T14:23:43.157591Z[0m [32m INFO[0m [2myukpomnang_backend::services::specialized_services_optimizer[0m[2m:[0m [Optimizer] Index trouvé: idx_services_structured_category sur services (unique: false)
1771079023157,[2m2026-02-14T14:23:43.157593Z[0m [32m INFO[0m [2myukpomnang_backend::services::specialized_services_optimizer[0m[2m:[0m [Optimizer] Index trouvé: idx_services_structured_trigram_titre sur services (unique: false)
1771079023157,[2m2026-02-14T14:23:43.157596Z[0m [32m INFO[0m [2myukpomnang_backend::services::specialized_services_optimizer[0m[2m:[0m [Optimizer] Index trouvé: idx_services_structured_trigram_description sur services (unique: false)
1771079023157,[2m2026-02-14T14:23:43.157599Z[0m [32m INFO[0m [2myukpomnang_backend::services::specialized_services_optimizer[0m[2m:[0m [Optimizer] Index trouvé: idx_services_structured_trigram_category sur services (unique: false)
1771079023157,[2m2026-02-14T14:23:43.157605Z[0m [32m INFO[0m [2myukpomnang_backend::services::specialized_services_optimizer[0m[2m:[0m [Optimizer] Index trouvé: idx_services_category_direct sur services (unique: false)
1771079023157,[2m2026-02-14T14:23:43.157608Z[0m [32m INFO[0m [2myukpomnang_backend::services::specialized_services_optimizer[0m[2m:[0m [Optimizer] Index trouvé: idx_services_active_created sur services (unique: false)
1771079023157,[2m2026-02-14T14:23:43.157611Z[0m [32m INFO[0m [2myukpomnang_backend::services::specialized_services_optimizer[0m[2m:[0m [Optimizer] Index trouvé: idx_services_user_active sur services (unique: false)
1771079023157,[2m2026-02-14T14:23:43.157614Z[0m [32m INFO[0m [2myukpomnang_backend::services::specialized_services_optimizer[0m[2m:[0m [Optimizer] Index trouvé: idx_services_gps sur services (unique: false)
1771079023157,[2m2026-02-14T14:23:43.157616Z[0m [32m INFO[0m [2myukpomnang_backend::services::specialized_services_optimizer[0m[2m:[0m [Optimizer] Index trouvé: idx_services_gps_trigram sur services (unique: false)
1771079023157,[2m2026-02-14T14:23:43.157619Z[0m [32m INFO[0m [2myukpomnang_backend::services::specialized_services_optimizer[0m[2m:[0m [Optimizer] Index trouvé: idx_services_intention sur services (unique: false)
1771079023157,[2m2026-02-14T14:23:43.157622Z[0m [32m INFO[0m [2myukpomnang_backend::services::specialized_services_optimizer[0m[2m:[0m [Optimizer] Index trouvé: idx_services_location_geom sur services (unique: false)
1771079023157,[2m2026-02-14T14:23:43.157625Z[0m [32m INFO[0m [2myukpomnang_backend::services::specialized_services_optimizer[0m[2m:[0m [Optimizer] Index trouvé: idx_services_location_geog sur services (unique: false)
1771079023157,[2m2026-02-14T14:23:43.157627Z[0m [32m INFO[0m [2myukpomnang_backend::services::specialized_services_optimizer[0m[2m:[0m [Optimizer] Index trouvé: idx_services_gps_trgm sur services (unique: false)
1771079023157,[2m2026-02-14T14:23:43.157630Z[0m [32m INFO[0m [2myukpomnang_backend::services::specialized_services_optimizer[0m[2m:[0m [Optimizer] Index trouvé: idx_services_gps_fixe_trgm sur services (unique: false)
1771079023157,[2m2026-02-14T14:23:43.157633Z[0m [32m INFO[0m [2myukpomnang_backend::services::specialized_services_optimizer[0m[2m:[0m [Optimizer] Index trouvé: idx_services_geo_category sur services (unique: false)
1771079023157,[2m2026-02-14T14:23:43.157635Z[0m [32m INFO[0m [2myukpomnang_backend::services::specialized_services_optimizer[0m[2m:[0m [Optimizer] Index trouvé: idx_services_search_radius sur services (unique: false)
1771079023157,[2m2026-02-14T14:23:43.157640Z[0m [32m INFO[0m [2myukpomnang_backend::services::specialized_services_optimizer[0m[2m:[0m [Optimizer] Index trouvé: idx_services_promotion sur services (unique: false)
1771079023157,[2m2026-02-14T14:23:43.157643Z[0m [32m INFO[0m [2myukpomnang_backend::services::specialized_services_optimizer[0m[2m:[0m [Optimizer] Index trouvé: idx_services_search_composite sur services (unique: false)
1771079023157,[2m2026-02-14T14:23:43.157646Z[0m [32m INFO[0m [2myukpomnang_backend::services::specialized_services_optimizer[0m[2m:[0m [Optimizer] Index trouvé: idx_services_fulltext_optimized sur services (unique: false)
1771079023157,[2m2026-02-14T14:23:43.157648Z[0m [32m INFO[0m [2myukpomnang_backend::services::specialized_services_optimizer[0m[2m:[0m [Optimizer] Index trouvé: idx_services_trgm_titre sur services (unique: false)
1771079023157,[2m2026-02-14T14:23:43.157651Z[0m [32m INFO[0m [2myukpomnang_backend::services::specialized_services_optimizer[0m[2m:[0m [Optimizer] Index trouvé: idx_services_trgm_description sur services (unique: false)
1771079023157,[2m2026-02-14T14:23:43.157664Z[0m [32m INFO[0m [2myukpomnang_backend::services::specialized_services_optimizer[0m[2m:[0m [Optimizer] Index trouvé: idx_services_trgm_category sur services (unique: false)
1771079023157,[2m2026-02-14T14:23:43.157677Z[0m [32m INFO[0m [2myukpomnang_backend::services::specialized_services_optimizer[0m[2m:[0m [Optimizer] Index trouvé: idx_services_tags_jsonb sur services (unique: false)
1771079023157,[2m2026-02-14T14:23:43.157690Z[0m [32m INFO[0m [2myukpomnang_backend::services::specialized_services_optimizer[0m[2m:[0m [Optimizer] Index trouvé: idx_services_user_status sur services (unique: false)
1771079023157,[2m2026-02-14T14:23:43.157703Z[0m [32m INFO[0m [2myukpomnang_backend::services::specialized_services_optimizer[0m[2m:[0m [Optimizer] Index trouvé: idx_services_logo sur services (unique: false)
1771079023157,[2m2026-02-14T14:23:43.157711Z[0m [32m INFO[0m [2myukpomnang_backend::services::specialized_services_optimizer[0m[2m:[0m [Optimizer] Index trouvé: idx_services_has_media sur services (unique: false)
1771079023157,[2m2026-02-14T14:23:43.157720Z[0m [32m INFO[0m [2myukpomnang_backend::services::specialized_services_optimizer[0m[2m:[0m [Optimizer] Index trouvé: idx_services_hospital_scheduling sur services (unique: false)
1771079023157,[2m2026-02-14T14:23:43.157765Z[0m [32m INFO[0m [2myukpomnang_backend::services::specialized_services_optimizer[0m[2m:[0m [Optimizer] Index trouvé: idx_services_products_fulltext_all sur services (unique: false)
1771079023157,[2m2026-02-14T14:23:43.157779Z[0m [32m INFO[0m [2myukpomnang_backend::services::specialized_services_optimizer[0m[2m:[0m [Optimizer] Index trouvé: idx_services_products_type_optimized sur services (unique: false)
1771079023157,[2m2026-02-14T14:23:43.157789Z[0m [32m INFO[0m [2myukpomnang_backend::services::specialized_services_optimizer[0m[2m:[0m [Optimizer] Index trouvé: idx_services_products_nom_optimized sur services (unique: false)
1771079023157,[2m2026-02-14T14:23:43.157792Z[0m [32m INFO[0m [2myukpomnang_backend::services::specialized_services_optimizer[0m[2m:[0m [Optimizer] Index trouvé: idx_services_gps_search sur services (unique: false)
1771079023157,[2m2026-02-14T14:23:43.157795Z[0m [32m INFO[0m [2myukpomnang_backend::services::specialized_services_optimizer[0m[2m:[0m [Optimizer] Index trouvé: idx_services_titre_service_fts sur services (unique: false)
1771079023157,[2m2026-02-14T14:23:43.157798Z[0m [32m INFO[0m [2myukpomnang_backend::services::specialized_services_optimizer[0m[2m:[0m [Optimizer] Index trouvé: idx_services_description_fts sur services (unique: false)
1771079023157,[2m2026-02-14T14:23:43.157800Z[0m [32m INFO[0m [2myukpomnang_backend::services::specialized_services_optimizer[0m[2m:[0m [Optimizer] Index trouvé: idx_services_active_category sur services (unique: false)
1771079023157,[2m2026-02-14T14:23:43.157816Z[0m [32m INFO[0m [2myukpomnang_backend::services::specialized_services_optimizer[0m[2m:[0m [Optimizer] Index trouvé: idx_services_titre_service_trgm sur services (unique: false)
1771079023157,[2m2026-02-14T14:23:43.157827Z[0m [32m INFO[0m [2myukpomnang_backend::services::specialized_services_optimizer[0m[2m:[0m [Optimizer] Index trouvé: idx_services_description_trgm sur services (unique: false)
1771079023157,[2m2026-02-14T14:23:43.157838Z[0m [32m INFO[0m [2myukpomnang_backend::services::specialized_services_optimizer[0m[2m:[0m [Optimizer] Index trouvé: idx_services_category_trgm sur services (unique: false)
1771079023157,[2m2026-02-14T14:23:43.157848Z[0m [32m INFO[0m [2myukpomnang_backend::services::specialized_services_optimizer[0m[2m:[0m [Optimizer] Index trouvé: idx_services_produits_characteristic_vector_gin sur services (unique: false)
1771079023157,[2m2026-02-14T14:23:43.157861Z[0m [32m INFO[0m [2myukpomnang_backend::services::specialized_services_optimizer[0m[2m:[0m [Optimizer] Index trouvé: idx_services_produits_gin_optimized sur services (unique: false)
1771079023157,[2m2026-02-14T14:23:43.157878Z[0m [32m INFO[0m [2myukpomnang_backend::services::specialized_services_optimizer[0m[2m:[0m [Optimizer] Index trouvé: idx_services_titre_service_trgm_keyword sur services (unique: false)
1771079023157,[2m2026-02-14T14:23:43.157892Z[0m [32m INFO[0m [2myukpomnang_backend::services::specialized_services_optimizer[0m[2m:[0m [Optimizer] Index trouvé: idx_services_description_trgm_keyword sur services (unique: false)
1771079023158,[2m2026-02-14T14:23:43.157899Z[0m [32m INFO[0m [2myukpomnang_backend::services::specialized_services_optimizer[0m[2m:[0m [Optimizer] Index trouvé: idx_services_category_trgm_keyword sur services (unique: false)
1771079023158,[2m2026-02-14T14:23:43.157901Z[0m [32m INFO[0m [2myukpomnang_backend::services::specialized_services_optimizer[0m[2m:[0m [Optimizer] Index trouvé: idx_services_user_id_created_at_desc_optimized sur services (unique: false)
1771079023158,[2m2026-02-14T14:23:43.157904Z[0m [32m INFO[0m [2myukpomnang_backend::services::specialized_services_optimizer[0m[2m:[0m [Optimizer] Index trouvé: idx_services_data_produits_extraction_gin sur services (unique: false)
1771079023158,[2m2026-02-14T14:23:43.157907Z[0m [32m INFO[0m [2myukpomnang_backend::services::specialized_services_optimizer[0m[2m:[0m [Optimizer] Index trouvé: idx_services_data_titre_service_gin sur services (unique: false)
1771079023158,[2m2026-02-14T14:23:43.157910Z[0m [32m INFO[0m [2myukpomnang_backend::services::specialized_services_optimizer[0m[2m:[0m [Optimizer] Index trouvé: idx_services_data_description_gin sur services (unique: false)
1771079023158,[2m2026-02-14T14:23:43.157913Z[0m [32m INFO[0m [2myukpomnang_backend::services::specialized_services_optimizer[0m[2m:[0m [Optimizer] Index trouvé: idx_services_id_for_update sur services (unique: false)
1771079023158,[2m2026-02-14T14:23:43.157915Z[0m [32m INFO[0m [2myukpomnang_backend::services::specialized_services_optimizer[0m[2m:[0m [Optimizer] Index trouvé: idx_services_user_id_count sur services (unique: false)
1771079023158,[2m2026-02-14T14:23:43.157918Z[0m [32m INFO[0m [2myukpomnang_backend::services::specialized_services_optimizer[0m[2m:[0m [Optimizer] Index trouvé: idx_services_user_id_created_at_desc_count sur services (unique: false)
1771079023158,[2m2026-02-14T14:23:43.157921Z[0m [32m INFO[0m [2myukpomnang_backend::services::specialized_services_optimizer[0m[2m:[0m [Optimizer] Index trouvé: idx_services_titre_service_tsvector sur services (unique: false)
1771079023158,[2m2026-02-14T14:23:43.157923Z[0m [32m INFO[0m [2myukpomnang_backend::services::specialized_services_optimizer[0m[2m:[0m [Optimizer] Index trouvé: idx_services_description_tsvector sur services (unique: false)
1771079023158,[2m2026-02-14T14:23:43.157926Z[0m [32m INFO[0m [2myukpomnang_backend::services::specialized_services_optimizer[0m[2m:[0m [Optimizer] Index trouvé: idx_services_category_tsvector sur services (unique: false)
1771079023158,[2m2026-02-14T14:23:43.157929Z[0m [32m INFO[0m [2myukpomnang_backend::services::specialized_services_optimizer[0m[2m:[0m [Optimizer] Index trouvé: idx_services_search_combined_tsvector sur services (unique: false)
1771079023158,[2m2026-02-14T14:23:43.157932Z[0m [32m INFO[0m [2myukpomnang_backend::services::specialized_services_optimizer[0m[2m:[0m [Optimizer] Index trouvé: idx_services_products_tsvector sur services (unique: false)
1771079023158,[2m2026-02-14T14:23:43.157934Z[0m [32m INFO[0m [2myukpomnang_backend::services::specialized_services_optimizer[0m[2m:[0m [Optimizer] Index trouvé: idx_services_titre_service_unaccent_trgm sur services (unique: false)
1771079023158,[2m2026-02-14T14:23:43.157937Z[0m [32m INFO[0m [2myukpomnang_backend::services::specialized_services_optimizer[0m[2m:[0m [Optimizer] Index trouvé: idx_services_description_unaccent_trgm sur services (unique: false)
1771079023158,[2m2026-02-14T14:23:43.157940Z[0m [32m INFO[0m [2myukpomnang_backend::services::specialized_services_optimizer[0m[2m:[0m [Optimizer] Index trouvé: idx_services_category_unaccent_trgm sur services (unique: false)
1771079023158,[2m2026-02-14T14:23:43.157943Z[0m [32m INFO[0m [2myukpomnang_backend::services::specialized_services_optimizer[0m[2m:[0m [Optimizer] Index trouvé: idx_services_titre_service_unaccent_fts sur services (unique: false)
1771079023158,[2m2026-02-14T14:23:43.157945Z[0m [32m INFO[0m [2myukpomnang_backend::services::specialized_services_optimizer[0m[2m:[0m [Optimizer] Index trouvé: idx_services_description_unaccent_fts sur services (unique: false)
1771079023158,[2m2026-02-14T14:23:43.157954Z[0m [32m INFO[0m [2myukpomnang_backend::services::specialized_services_optimizer[0m[2m:[0m [Optimizer] Index trouvé: idx_services_produits_jsonb_path_ops sur services (unique: false)
1771079023158,[2m2026-02-14T14:23:43.157960Z[0m [32m INFO[0m [2myukpomnang_backend::services::specialized_services_optimizer[0m[2m:[0m [Optimizer] Index trouvé: idx_services_active_category_gps sur services (unique: false)
1771079023158,[2m2026-02-14T14:23:43.157972Z[0m [32m INFO[0m [2myukpomnang_backend::services::specialized_services_optimizer[0m[2m:[0m [Optimizer] Index trouvé: idx_services_products_fulltext_gin sur services (unique: false)
1771079023158,[2m2026-02-14T14:23:43.157985Z[0m [32m INFO[0m [2myukpomnang_backend::services::specialized_services_optimizer[0m[2m:[0m [Optimizer] Index trouvé: idx_services_products_array_gin sur services (unique: false)
1771079023158,[2m2026-02-14T14:23:43.157996Z[0m [32m INFO[0m [2myukpomnang_backend::services::specialized_services_optimizer[0m[2m:[0m [Optimizer] Index trouvé: idx_services_user_id_created_at_desc_optimized_v2 sur services (unique: false)
1771079023158,[2m2026-02-14T14:23:43.158007Z[0m [32m INFO[0m [2myukpomnang_backend::services::specialized_services_optimizer[0m[2m:[0m [Optimizer] Index trouvé: idx_services_user_id_active_created_at_desc sur services (unique: false)
1771079023158,[2m2026-02-14T14:23:43.158020Z[0m [32m INFO[0m [2myukpomnang_backend::services::specialized_services_optimizer[0m[2m:[0m [Optimizer] Index trouvé: idx_services_titre_service_gin sur services (unique: false)
1771079023158,[2m2026-02-14T14:23:43.158033Z[0m [32m INFO[0m [2myukpomnang_backend::services::specialized_services_optimizer[0m[2m:[0m [Optimizer] Index trouvé: idx_services_is_active sur services (unique: false)
1771079023158,[2m2026-02-14T14:23:43.158043Z[0m [32m INFO[0m [2myukpomnang_backend::services::specialized_services_optimizer[0m[2m:[0m [Optimizer] Index trouvé: idx_services_category sur services (unique: false)
1771079023158,[2m2026-02-14T14:23:43.158046Z[0m [32m INFO[0m [2myukpomnang_backend::services::specialized_services_optimizer[0m[2m:[0m [Optimizer] Index trouvé: idx_services_description_gin sur services (unique: false)
1771079023158,[2m2026-02-14T14:23:43.158049Z[0m [32m INFO[0m [2myukpomnang_backend::services::specialized_services_optimizer[0m[2m:[0m [Optimizer] Index trouvé: idx_services_search_optimized sur services (unique: false)
1771079023158,[2m2026-02-14T14:23:43.158052Z[0m [32m INFO[0m [2myukpomnang_backend::services::specialized_services_optimizer[0m[2m:[0m [Optimizer] Index trouvé: idx_services_category_gin sur services (unique: false)
1771079023158,[2m2026-02-14T14:23:43.158054Z[0m [32m INFO[0m [2myukpomnang_backend::services::specialized_services_optimizer[0m[2m:[0m [Optimizer] Index trouvé: idx_services_fulltext_combined_gin sur services (unique: false)
1771079023158,[2m2026-02-14T14:23:43.158074Z[0m [32m INFO[0m [2myukpomnang_backend::services::specialized_services_optimizer[0m[2m:[0m [Optimizer] Index trouvé: idx_services_gps_btree sur services (unique: false)
1771079023158,[2m2026-02-14T14:23:43.158085Z[0m [32m INFO[0m [2myukpomnang_backend::services::specialized_services_optimizer[0m[2m:[0m [Optimizer] Index trouvé: idx_services_id_active sur services (unique: false)
1771079023158,[2m2026-02-14T14:23:43.158092Z[0m [32m INFO[0m [2myukpomnang_backend::services::specialized_services_optimizer[0m[2m:[0m [Optimizer] Index trouvé: idx_services_data_gin sur services (unique: false)
1771079023158,[2m2026-02-14T14:23:43.158099Z[0m [32m INFO[0m [2myukpomnang_backend::services::specialized_services_optimizer[0m[2m:[0m [Optimizer] Index trouvé: idx_services_specialized_type sur services (unique: false)
1771079023158,[2m2026-02-14T14:23:43.158107Z[0m [32m INFO[0m [2myukpomnang_backend::services::specialized_services_optimizer[0m[2m:[0m [Optimizer] Index trouvé: idx_services_gps_gist sur services (unique: false)
1771079023158,[2m2026-02-14T14:23:43.158120Z[0m [32m INFO[0m [2myukpomnang_backend::services::specialized_services_optimizer[0m[2m:[0m [Optimizer] ✅ Analyse index terminée
1771079023290,[2m2026-02-14T14:23:43.290346Z[0m [32m INFO[0m [2msqlx::postgres::notice[0m[2m:[0m ✅ Vue matérialisée services_search_optimized_v2 rafraîchie (normal)
1771079023292,?? [INFO] [SearchCacheRefresh] ⏱️ Rafraîchissement terminé en 32.816538ms
1771079023292,?? [INFO] [SearchCacheRefresh] ✅ Vue matérialisée rafraîchie avec succès
1771079023296,[2m2026-02-14T14:23:43.296183Z[0m [32m INFO[0m [2myukpomnang_backend[0m[2m:[0m 🔄 Refresh de active_products_cache...
1771079023332,[2m2026-02-14T14:23:43.332371Z[0m [32m INFO[0m [2myukpomnang_backend[0m[2m:[0m 🔄 Refresh de services_search_cache...
1771079323286,[2m2026-02-14T14:28:43.286138Z[0m [32m INFO[0m [2myukpomnang_backend::utils::redis_helper[0m[2m:[0m ✅ [Redis] Health check réussi - Redis disponible