{
  "App": true,
  "LayoutRoutes": true,
  "main": false,
  "CardService": false,
  "CreationSection": false,
  "DynamicMenu": false,
  "Footer": false,
  "LanguageSwitcher": false,
  "Loader": false,
  "MatchSection": false,
  "MenuAuto": false,
  "MobileMenu": true,
  "Navbar": true,
  "OutilsSection": false,
  "Sidebar": true,
  "SidebarMenu": false,
  "VoiceButton": false,
  "RequireAccess": false,
  "RequireAllRoles": false,
  "RequireAnyRole": true,
  "RequireNotRole": true,
  "RequireRole": true,
  "RequireRoleAndPlan": true,
  "RequireAdminPage": false,
  "RequireProPage": true,
  "RequireEnterprisePage": true,

  "CreationCard": false,
  "MatchCard": false,
  "OutilsCard": false,
  "ProductGrid": false,
  "ServiceCard": false,

  "button": false,
  "card": false,
  "input": false,
  "textarea": false,
  "UserContext": false,

  "DashboardLayout": false,
  "Dashboard": true,
  "DashboardIA": true,
  "DashboardPage": false,
  "DebugRolesPage": true,
  "HomePage": false,
  "LoginPage": false,
  "MonProfil": false,
  "Services": false,
  "ServicesPage": false,
  "CreationPage": true,
  "MatchingPage": true,
  "MatchingResultsIA": true,
  "MatchPage": true,
  "NotFound": false,
  "OutilsPage": false,
  "PaiementProPage": true,
  "PredictionDashboard": true,
  "StrategicRecoPanel": true,
  "TicketPage": true,
  "UpgradePage": true,
  "UserInteractionIACenter": true,
  "UserStatsIADashboard": false,
  "AdminAccessAudit": false,
  "AdminAnalyticsPanel": true,
  "AdminPanel": false,
  "ContactEnterprisePage": true,
  "ContactPage": false,
  "AboutPage": false,
  "BienPage": true,
  "BourseLivrePage": true,
  "CommunicationPanel": false,

  "// -- TESTS & STORIES --": false,
  "AccessControl.test": true,
  "CreationPage.test": false,
  "MatchingPage.test": false,
  "MatchingResultsIA.test": false,

  "AboutPage.stories": false,
  "AdminAnalyticsPanel.stories": false,
  "AdminPanel.stories": false,
  "BienPage.stories": false,
  "BourseLivrePage.stories": false,
  "Button": false,
  "CommunicationPanel.stories": false,
  "ContactEnterprisePage.stories": false,
  "ContactPage.stories": false,
  "CreationPage.stories": false,
  "CreationPage.stories.stories": false,
  "Dashboard.stories": false,
  "DashboardPage.stories": false,
  "Header": false,
  "HomePage.stories": false,
  "index": false,
  "index.stories": false,
  "LoginPage.stories": false,
  "MatchingPage.stories": false,
  "MatchingResultsIA.stories": false,
  "MatchPage.stories": false,
  "MonComposant.stories": false,
  "NotFound.stories": false,
  "OutilsPage.stories": false,
  "Page": false,
  "PaiementProPage.stories": false,
  "PredictionDashboard.stories": false,
  "RoleRestrictionDemo.stories": true,
  "services.module.stories": false,
  "ServicesPage.stories": false,
  "StrategicRecoPanel.stories": false,
  "TicketPage.stories": false,
  "UpgradePage.stories": false,
  "UserInteractionIACenter.stories": false,
  "UserStatsIADashboard.stories": false
}
