Nom,Description,Prix,Devise,Type Logement,Standing,État,Superficie (m²),Chambres,Salles de bain,Capacité,Prix par nuit (XAF),Séjour min,Séjour max,Équipements (séparés par |),Parking,Internet,Climatisation,Piscine,Sécurité 24h,Ménage inclus,Linge inclus,Réservation instantanée,Services (séparés par |),Politique annulation,Règles (séparées par |),Ville,Quartier,Adresse,Proximités (séparées par |),GPS,Type hôte,Langues (séparées par |),Paiements (séparés par |),Disponibilité
Villa Vue Mer Kribi,Magnifique villa avec vue imprenable sur l'océan Atlantique à Kribi. Idéale pour séjours en famille ou entre amis. Proximité immédiate des Chutes de la Lobé.,50000,XAF,Villa avec piscine,Haut standing,Excellent état,180,4,3,8 personnes,50000,2 nuits,1 mois,Eau courante 24h/24|Groupe électrogène|Cuisine équipée|Réfrigérateur|Micro-ondes|Climatisation toutes pièces|Wi-Fi haut débit|Smart TV|Draps fournis|Serviettes de bain|Serviettes de plage|Lave-linge,Oui,Oui,Oui,Oui,Oui,Oui,Oui,Oui,Transfert aéroport inclus|Petit-déjeuner inclus|Conciergerie disponible|Recommandations touristiques,Annulation gratuite (48h avant),Non-fumeur uniquement|Animaux interdits|Enfants bienvenus|Calme exigé après 22h|Respect du voisinage,Kribi,Plage publique,Route des Plages km 5,Plage (à pied)|Chutes d'eau|Restaurants|Supermarché|Activités nautiques,2.9403,9.9087,Hôte à proximité,Français|Anglais|Langues locales (Ewondo Douala Bamiléké...),Espèces (XAF)|Mobile Money (MTN/Orange)|Virement bancaire,Disponible toute l'année
Appartement F3 Bonapriso Douala,Appartement moderne et spacieux en plein cœur de Bonapriso. Quartier calme et sécurisé. Parfait pour voyages d'affaires ou vacances courtes.,35000,XAF,F3 meublé,Bon standing,Très bon état,90,2,1,4 personnes,35000,1 nuit,3 mois,Eau courante 24h/24|Réservoir d'eau 500L+|Groupe électrogène|Cuisine équipée|Cuisinière gaz|Réfrigérateur|Wi-Fi haut débit|Parabole/TV satellite|Draps fournis|Serviettes de bain|Climatisation chambres|Balcon,Oui,Oui,Oui,Non,Oui,Non,Oui,Oui,Ménage fin de séjour inclus|Check-in flexible|Assistance 24h/24,Annulation gratuite (24h avant),Non-fumeur uniquement|Animaux interdits|Fêtes interdites|Calme exigé après 22h,Douala,Bonapriso (Résidentiel),Rue Manga Bell 234,Supermarché|Restaurants|Banque/GAB|Transport public,4.0511,9.7079,Hôte sur place,Français|Anglais,Espèces (XAF)|Mobile Money (MTN/Orange)|Carte bancaire,Disponible toute l'année
Studio Bastos Yaoundé,Studio équipé au cœur de Bastos, quartier diplomatique de Yaoundé. Idéal pour expatriés et voyageurs d'affaires. Accès facile aux ambassades.,25000,XAF,Studio meublé,Standard,Bon état,45,1,1,2 personnes,25000,1 nuit,6 mois,Électricité stable|Eau courante|Cuisine équipée|Réfrigérateur|Wi-Fi fibre|TV satellite|Climatisation|Ventilateurs plafond|Draps fournis,Oui,Oui,Oui,Non,Non,Oui,Oui,Oui,Ménage hebdomadaire inclus|Check-in 24h/24,Annulation flexible (50% remboursé),Non-fumeur uniquement|Animaux interdits|Invités extérieurs interdits,Yaoundé,Bastos (Haut standing),Avenue des Ambassades 12,École primaire|Hôpital|Supermarché/Mahima|Restaurants/Maquis|Banque/GAB,3.8689,11.5213,Gestion professionnelle,Français|Anglais|Espagnol,Espèces (XAF)|Mobile Money (MTN/Orange)|Virement bancaire|Carte bancaire,Disponible toute l'année
Villa Luxe Yassa Douala,Villa de standing exceptionnel en bord de mer à Yassa. Piscine privée, jardin tropical, vue panoramique sur l'océan. Pour séjours haut de gamme.,80000,XAF,Villa de luxe,Luxe,Excellent état,250,5,4,10 personnes,80000,3 nuits,2 mois,Eau courante 24h/24|Forage privé|Groupe électrogène|Panneaux solaires|Cuisine équipée|Réfrigérateur|Congélateur|Micro-ondes|Climatisation toutes pièces|Wi-Fi haut débit|Smart TV|Draps fournis|Serviettes de bain|Serviettes de plage|Lave-linge|Fer à repasser|Jardin privé|Vue mer|Barbecue|Salon de jardin,Oui,Oui,Oui,Oui,Oui,Oui,Oui,Oui,Ménage quotidien inclus|Changement draps inclus|Accueil personnalisé|Conciergerie disponible|Transfert aéroport inclus|Petit-déjeuner inclus|Repas sur demande,Annulation gratuite (7 jours avant),Animaux acceptés|Non-fumeur uniquement|Enfants bienvenus|Fêtes autorisées|Respect du voisinage,Douala,Yassa (Plage),Boulevard de la Mer,Plage (à pied)|Front de mer|Restaurants|Maquis/Bars|Activités nautiques|Sports nautiques,4.0347,9.7923,Conciergerie,Français|Anglais|Espagnol|Langues locales (Ewondo Douala Bamiléké...),Espèces (XAF)|Mobile Money (MTN/Orange)|Virement bancaire|Carte bancaire|PayPal,Haute saison uniquement (Nov-Fév)
Bungalow Limbe Plage,Charmant bungalow à 50m de la plage de Limbe avec vue sur le Mont Cameroun. Ambiance tropicale et décontractée. Idéal couples ou petites familles.,30000,XAF,Bungalow,Standard,Bon état,65,1,1,3 personnes,30000,2 nuits,1 mois,Eau courante|Électricité stable|Cuisine équipée|Réfrigérateur|Wi-Fi|TV satellite|Ventilateurs plafond|Draps fournis|Serviettes de plage|Terrasse|Vue montagne,Non,Oui,Non,Non,Non,Oui,Oui,Non,Ménage fin de séjour inclus|Recommandations touristiques|Navette plage,Annulation modérée (25% retenu),Non-fumeur uniquement|Animaux interdits|Enfants bienvenus|Calme exigé après 22h,Limbe,Down Beach,Beach Road km 2,Plage (à pied)|Restaurants|Marché local|Location bateaux|Pêche,4.0156,9.2044,Hôte à proximité,Français|Anglais,Espèces (XAF)|Mobile Money (MTN/Orange),Disponible toute l'année
Appartement F2 Akwa Douala,Appartement central en plein cœur du quartier d'affaires d'Akwa. Accès immédiat commerces, restaurants, vie nocturne. Parfait voyageurs d'affaires.,28000,XAF,F2 meublé,Standard,Bon état,70,1,1,3 personnes,28000,1 nuit,Illimité,Eau courante|Réservoir d'eau 500L+|Groupe électrogène|Cuisine équipée|Réfrigérateur|Wi-Fi haut débit|TV satellite|Climatisation|Draps fournis|Balcon,Non,Oui,Oui,Non,Non,Non,Oui,Oui,Check-in flexible|Assistance 24h/24,Annulation gratuite (24h avant),Non-fumeur uniquement|Animaux interdits|Fêtes interdites|Invités extérieurs interdits,Douala,Akwa (Centre affaires),Rue Joffre 145,Supermarché|Restaurants|Maquis/Bars|Banque/GAB|Transport public|Pharmacie,4.0469,9.7013,Hôte à distance,Français|Anglais,Espèces (XAF)|Mobile Money (MTN/Orange)|Virement bancaire,Disponible toute l'année
Villa Familiale Dschang,Grande villa familiale dans les montagnes de Dschang. Air frais, jardins verdoyants, parfait pour escapades en famille loin de la chaleur.,40000,XAF,Villa meublée,Bon standing,Excellent état,150,3,2,6 personnes,40000,2 nuits,3 mois,Eau courante 24h/24|Groupe électrogène|Cuisine équipée|Réfrigérateur|Cuisinière gaz|Wi-Fi|TV satellite|Cheminée|Draps fournis|Jardin privé|Cour|Barbecue,Oui,Oui,Non,Non,Oui,Oui,Oui,Non,Ménage fin de séjour inclus|Linge de maison fourni|Recommandations touristiques,Annulation gratuite (48h avant),Animaux acceptés|Non-fumeur uniquement|Enfants bienvenus|Fêtes autorisées|Usage raisonnable équipements,Dschang,,Route de Foumban km 8,École primaire|Marché local|Pharmacie|Randonnée|Parc national,5.4481,10.0593,Hôte sur place,Français|Anglais,Espèces (XAF)|Mobile Money (MTN/Orange),Disponible toute l'année
Chambre privée Centre Yaoundé,Chambre confortable chez l'habitant en centre-ville de Yaoundé. Ambiance conviviale, découverte de la culture locale. Budget économique.,15000,XAF,Chambre chez l'habitant,Économique,Bon état,20,1,0,1 personne,15000,1 nuit,Flexible,Eau courante|Électricité|Wi-Fi|Ventilateur|Draps fournis,Non,Oui,Non,Non,Non,Non,Oui,Non,Petit-déjeuner inclus|Accueil personnalisé|Recommandations touristiques,À définir avec l'hôte,Non-fumeur uniquement|Animaux interdits|Calme exigé après 22h|Respect du voisinage,Yaoundé,Centre-ville,Quartier Madagascar,Marché|Transport public|Restaurants/Maquis,3.8667,11.5167,Hôte sur place,Français|Langues locales (Ewondo Douala Bamiléké...),Espèces (XAF)|Mobile Money (MTN/Orange),Disponible toute l'année
Penthouse Bonanjo Douala,Penthouse ultra-moderne avec terrasse panoramique sur le Wouri. Standing exceptionnel, équipements haut de gamme. Séjours d'exception.,100000,XAF,Penthouse,Luxe,Excellent état,200,3,3,6 personnes,100000,3 nuits,1 mois,Eau courante 24h/24|Groupe électrogène|Onduleur/Batterie|Cuisine équipée|Réfrigérateur|Congélateur|Micro-ondes|Climatisation toutes pièces|Wi-Fi fibre|Smart TV|Draps fournis|Serviettes de bain|Lave-linge|Terrasse|Vue mer|Ascenseur,Oui,Oui,Oui,Non,Oui,Oui,Oui,Oui,Ménage quotidien inclus|Changement draps inclus|Conciergerie disponible|Transfert aéroport inclus|Petit-déjeuner inclus,Annulation stricte (non remboursable),Non-fumeur uniquement|Animaux interdits|Fêtes interdites|Accès piscine règlementé,Douala,Bonanjo (Centre),Avenue du Général de Gaulle 89,Restaurants|Banque/GAB|Centre commercial|Zone portuaire,4.0586,9.7091,Gestion professionnelle,Français|Anglais|Espagnol|Allemand,Espèces (XAF)|Mobile Money (MTN/Orange)|Virement bancaire|Carte bancaire|PayPal,Disponible toute l'année
Maison de plage Londji,Authentique maison de pêcheur rénovée à Londji. Accès direct plage, ambiance village authentique. Parfait déconnexion totale.,35000,XAF,Maison de plage,Standard,Très bon état,80,2,1,4 personnes,35000,2 nuits,2 mois,Eau courante|Réservoir d'eau 500L+|Panneaux solaires|Cuisine équipée|Réfrigérateur|Ventilateurs plafond|Draps fournis|Serviettes de plage|Cour|Vue mer|Hamac,Non,Oui,Non,Non,Non,Oui,Oui,Non,Linge de maison fourni|Recommandations touristiques|Location bateaux|Excursions organisées,Annulation gratuite (48h avant),Animaux acceptés|Fumeur accepté|Enfants bienvenus|Fêtes autorisées,Kribi,Londji,Village de pêcheurs,Plage (à pied)|Marché local|Restaurants|Pêche|Activités nautiques,2.9156,9.8734,Hôte à proximité,Français,Espèces (XAF)|Mobile Money (MTN/Orange),Basse saison uniquement

